2001EE55,Jasun Lochet,jlochet7d@rambler.ru
2001EE56,Nevins Thorrold,nthorrold7e@is.gd
2001EE57,Roxine Elletson,relletson7f@netvibes.com
2001EE58,Ethelred Dowzell,edowzell7g@lycos.com
2001EE59,Arni Bowich,abowich7h@multiply.com
2001EE60,Vidovic Pidgin,vpidgin7i@topsy.com
2001ME55,Bondie Banaszczyk,bbanaszczyk9o@google.com.br
2001ME56,Dorry Deyenhardt,ddeyenhardt9p@newsvine.com
2001ME57,Deeann Ellacombe,dellacombe9q@altervista.org
2001ME58,Nathan Eastgate,neastgate9r@redcross.org
2001ME59,Bethena Stripp,bstripp9s@addtoany.com
2001ME60,Timmie Mecozzi,tmecozzi9t@tumblr.com
2001CS55,Cam Mawson,cmawson54@newsvine.com
2001CS56,Teodor Crowcroft,tcrowcroft55@about.me
2001CS57,Neall McCann,nmccann56@wufoo.com
2001CS58,Cammy O'Doran,codoran57@bizjournals.com
2001CS59,Nanette Kalb,nkalb58@sciencedirect.com
2001CS60,Angel Chessor,achessor59@yandex.ru
2001CE46,Hadley Hevey,hhevey31@noaa.gov
2001CE47,Torey Seymour,tseymour32@wikipedia.org
2001CE48,Cicely Mayes,cmayes33@acquirethisname.com
2001CE49,Bess Bradnock,bbradnock34@aol.com
2001CE50,Patric Bridgland,pbridgland35@feedburner.com
2001CB46,Norah Trodler,ntrodler19@un.org
2001CB47,Norby O' Brian,no1a@yolasite.com
2001CB48,Nicol Dimberline,ndimberline1b@godaddy.com
2001CB49,Bail Croster,bcroster1c@hhs.gov
2001CB50,Linc Crinson,lcrinson1d@redcross.org
2001MM28,Dougy Kubecka,dkubeckab8@xing.com
2001MM29,Carlyle Belamy,cbelamyb9@dell.com
2001MM30,Estella Brikner,ebriknerba@blogs.com
